,zf,Prcv,Qavg,tz,n_hels,Arcv,rad_flux_max,rad_flux_avg,heat_stored,time_res,vel_parts,eta_hel,eta_BDR,eta_SF,eta_rcv,eta_ThS,mass_stg,temp_parts_avg,it,solve_t_res,temp_parts_max,temp_parts_min,temp_parts_std
0,50.0,20,1.0,0.05,4639,24.593495962120603,2.790712903135189,0.9968673391478743,20.00302442154422,35.667945026578494,0.07470277481864161,0.7477041598471659,0.8728494864903614,0.6524450710345833,0.8159020605210836,0.5323312778339413,62.43414204054786,1199.9757217268998,4,False,1342.7307141924507,1014.673878386774,99.09162248777339
