,zf,Prcv,Qavg,tz,n_hels,Arcv,rad_flux_max,rad_flux_avg,heat_stored,time_res,vel_parts,eta_hel,eta_BDR,eta_SF,eta_rcv,eta_ThS,mass_stg,temp_parts_avg,it,solve_t_res,temp_parts_max,temp_parts_min,temp_parts_std
0,50.0,20,1.0,0.05,4636,24.593495962120603,2.8104950080466353,0.9964960818235772,20.0018404978536,35.67593760514373,0.07468603895024238,0.7479715025761727,0.8727798946262494,0.6526241310452666,0.8161577262617604,0.5326442268974619,62.45135332628453,1199.8950355954491,3,False,1344.2239282585804,1012.2013292533494,99.17509645040126
