,zf,Prcv,Qavg,tz,n_hels,Arcv,rad_flux_max,rad_flux_avg,heat_stored,time_res,vel_parts,eta_hel,eta_BDR,eta_SF,eta_rcv,eta_ThS,mass_stg,temp_parts_avg,it,solve_t_res,temp_parts_max,temp_parts_min,temp_parts_std
0,50.0,20,1.0,0.05,4636,24.593495962120603,2.7903524035829634,0.9965840542013223,20.0046563556397,35.65447133790998,0.07473100471219525,0.7480236902647566,0.8728158515923583,0.6526817458193026,0.8162005693109736,0.5327192125165949,62.432982620825534,1200.0000000000005,9,True,1345.2229502057978,1015.5323994530535,99.18476478276943
