,zf,Prcv,Qavg,tz,n_hels,Arcv,rad_flux_max,rad_flux_avg,heat_stored,time_res,vel_parts,eta_hel,eta_BDR,eta_SF,eta_rcv,eta_ThS,mass_stg,temp_parts_avg,it,solve_t_res,temp_parts_max,temp_parts_min,temp_parts_std
0,50.0,20,1.0,0.05,4635,24.593495962120603,2.8297254245095353,0.9964084060149178,20.00260814267215,35.67423436981402,0.07468960477029214,0.7479749159929636,0.8728982753600715,0.6527075015917355,0.8162608673176719,0.5327795913540208,62.399270813296134,1200.1052360978474,3,False,1341.886923825084,1016.2859026801787,98.82058942896207
