,zf,Prcv,Qavg,tz,n_hels,Arcv,rad_flux_max,rad_flux_avg,heat_stored,time_res,vel_parts,eta_hel,eta_BDR,eta_SF,eta_rcv,eta_ThS,mass_stg,temp_parts_avg,it,solve_t_res,temp_parts_max,temp_parts_min,temp_parts_std
0,50.0,20,1.0,0.05,4490,24.593985905498915,3.6031642445900043,1.25,19.001936570076804,27.861912685631548,0.082396039459099,0.7426876707652648,0.8524609186319135,0.6329929744381209,0.8253978343047019,0.5224710302313165,59.41110171322957,1199.5640748765547,4,False,1351.2116266168634,950.0,99.88683552255128
